fajl;algoritmus;tipus;sulyozas;ladak_szama;futasi_ido_sec
4d_class1_1000_01.csv;FFD_sum;elem;nincs;653;0.5219
4d_class1_1000_01.csv;FFD_prod;elem;nincs;654;0.4779
4d_class1_1000_01.csv;FFD_avg;elem;nincs;653;0.4889
4d_class1_1000_01.csv;FFD_sum;lada;nincs;653;0.3822
4d_class1_1000_01.csv;FFD_prod;lada;nincs;654;0.4674
4d_class1_1000_01.csv;FFD_avg;lada;nincs;653;0.4534
4d_class1_1000_01.csv;dot_product1;lada;average;655;6.3857
4d_class1_1000_01.csv;dot_product1;lada;exponential;655;5.839
4d_class1_1000_01.csv;dot_product1;lada;reciprocal_average;653;5.8965
4d_class1_1000_01.csv;dot_product2;lada;average;664;8.2597
4d_class1_1000_01.csv;dot_product2;lada;exponential;664;7.5304
4d_class1_1000_01.csv;dot_product2;lada;reciprocal_average;664;7.6987
4d_class1_1000_01.csv;l2_norm_of_slacks;lada;average;655;5.3865
4d_class1_1000_01.csv;l2_norm_of_slacks;lada;exponential;655;5.3188
4d_class1_1000_01.csv;l2_norm_of_slacks;lada;reciprocal_average;657;5.3706
4d_class1_1000_02.csv;FFD_sum;elem;nincs;652;0.3864
4d_class1_1000_02.csv;FFD_prod;elem;nincs;653;0.3649
4d_class1_1000_02.csv;FFD_avg;elem;nincs;652;0.3999
4d_class1_1000_02.csv;FFD_sum;lada;nincs;652;0.3662
4d_class1_1000_02.csv;FFD_prod;lada;nincs;653;0.3629
4d_class1_1000_02.csv;FFD_avg;lada;nincs;652;0.3679
4d_class1_1000_02.csv;dot_product1;lada;average;653;4.8569
4d_class1_1000_02.csv;dot_product1;lada;exponential;653;5.1246
4d_class1_1000_02.csv;dot_product1;lada;reciprocal_average;653;4.9974
4d_class1_1000_02.csv;dot_product2;lada;average;661;7.1079
4d_class1_1000_02.csv;dot_product2;lada;exponential;660;7.0378
4d_class1_1000_02.csv;dot_product2;lada;reciprocal_average;660;7.1728
4d_class1_1000_02.csv;l2_norm_of_slacks;lada;average;654;4.6987
4d_class1_1000_02.csv;l2_norm_of_slacks;lada;exponential;655;5.162
4d_class1_1000_02.csv;l2_norm_of_slacks;lada;reciprocal_average;655;5.1483
4d_class1_1000_03.csv;FFD_sum;elem;nincs;671;0.4121
4d_class1_1000_03.csv;FFD_prod;elem;nincs;672;0.3996
4d_class1_1000_03.csv;FFD_avg;elem;nincs;671;0.4055
4d_class1_1000_03.csv;FFD_sum;lada;nincs;671;0.4197
4d_class1_1000_03.csv;FFD_prod;lada;nincs;672;0.3695
4d_class1_1000_03.csv;FFD_avg;lada;nincs;671;0.3826
4d_class1_1000_03.csv;dot_product1;lada;average;669;4.9798
4d_class1_1000_03.csv;dot_product1;lada;exponential;669;5.069
4d_class1_1000_03.csv;dot_product1;lada;reciprocal_average;670;5.0721
4d_class1_1000_03.csv;dot_product2;lada;average;678;7.2109
4d_class1_1000_03.csv;dot_product2;lada;exponential;678;7.1332
4d_class1_1000_03.csv;dot_product2;lada;reciprocal_average;678;7.1876
4d_class1_1000_03.csv;l2_norm_of_slacks;lada;average;671;5.0925
4d_class1_1000_03.csv;l2_norm_of_slacks;lada;exponential;670;5.1763
4d_class1_1000_03.csv;l2_norm_of_slacks;lada;reciprocal_average;671;5.0415
4d_class1_1000_04.csv;FFD_sum;elem;nincs;648;0.3604
4d_class1_1000_04.csv;FFD_prod;elem;nincs;648;0.3888
4d_class1_1000_04.csv;FFD_avg;elem;nincs;648;0.4027
4d_class1_1000_04.csv;FFD_sum;lada;nincs;648;0.4098
4d_class1_1000_04.csv;FFD_prod;lada;nincs;648;0.4087
4d_class1_1000_04.csv;FFD_avg;lada;nincs;648;0.3824
4d_class1_1000_04.csv;dot_product1;lada;average;650;5.0246
4d_class1_1000_04.csv;dot_product1;lada;exponential;650;4.9046
4d_class1_1000_04.csv;dot_product1;lada;reciprocal_average;650;5.1244
4d_class1_1000_04.csv;dot_product2;lada;average;664;7.1222
4d_class1_1000_04.csv;dot_product2;lada;exponential;668;7.1467
4d_class1_1000_04.csv;dot_product2;lada;reciprocal_average;662;7.383
4d_class1_1000_04.csv;l2_norm_of_slacks;lada;average;655;5.0416
4d_class1_1000_04.csv;l2_norm_of_slacks;lada;exponential;654;5.0799
4d_class1_1000_04.csv;l2_norm_of_slacks;lada;reciprocal_average;654;4.9965
4d_class1_100_01.csv;FFD_sum;elem;nincs;76;0.0044
4d_class1_100_01.csv;FFD_prod;elem;nincs;76;0.0043
4d_class1_100_01.csv;FFD_avg;elem;nincs;76;0.0042
4d_class1_100_01.csv;FFD_sum;lada;nincs;76;0.0041
4d_class1_100_01.csv;FFD_prod;lada;nincs;76;0.0044
4d_class1_100_01.csv;FFD_avg;lada;nincs;76;0.0041
4d_class1_100_01.csv;dot_product1;lada;average;76;0.0524
4d_class1_100_01.csv;dot_product1;lada;exponential;76;0.0533
4d_class1_100_01.csv;dot_product1;lada;reciprocal_average;76;0.0576
4d_class1_100_01.csv;dot_product2;lada;average;78;0.0899
4d_class1_100_01.csv;dot_product2;lada;exponential;77;0.0843
4d_class1_100_01.csv;dot_product2;lada;reciprocal_average;76;0.0785
4d_class1_100_01.csv;l2_norm_of_slacks;lada;average;76;0.0538
4d_class1_100_01.csv;l2_norm_of_slacks;lada;exponential;76;0.0544
4d_class1_100_01.csv;l2_norm_of_slacks;lada;reciprocal_average;76;0.0564
4d_class1_100_02.csv;FFD_sum;elem;nincs;71;0.004
4d_class1_100_02.csv;FFD_prod;elem;nincs;72;0.0042
4d_class1_100_02.csv;FFD_avg;elem;nincs;71;0.0042
4d_class1_100_02.csv;FFD_sum;lada;nincs;71;0.0043
4d_class1_100_02.csv;FFD_prod;lada;nincs;72;0.0045
4d_class1_100_02.csv;FFD_avg;lada;nincs;71;0.0044
4d_class1_100_02.csv;dot_product1;lada;average;72;0.0587
4d_class1_100_02.csv;dot_product1;lada;exponential;72;0.0604
4d_class1_100_02.csv;dot_product1;lada;reciprocal_average;72;0.0624
4d_class1_100_02.csv;dot_product2;lada;average;73;0.082
4d_class1_100_02.csv;dot_product2;lada;exponential;72;0.0793
4d_class1_100_02.csv;dot_product2;lada;reciprocal_average;72;0.0816
4d_class1_100_02.csv;l2_norm_of_slacks;lada;average;71;0.0569
4d_class1_100_02.csv;l2_norm_of_slacks;lada;exponential;72;0.0574
4d_class1_100_02.csv;l2_norm_of_slacks;lada;reciprocal_average;71;0.0589
4d_class1_100_03.csv;FFD_sum;elem;nincs;78;0.0044
4d_class1_100_03.csv;FFD_prod;elem;nincs;78;0.0045
4d_class1_100_03.csv;FFD_avg;elem;nincs;78;0.0045
4d_class1_100_03.csv;FFD_sum;lada;nincs;78;0.0045
4d_class1_100_03.csv;FFD_prod;lada;nincs;78;0.0046
4d_class1_100_03.csv;FFD_avg;lada;nincs;78;0.0045
4d_class1_100_03.csv;dot_product1;lada;average;78;0.0576
4d_class1_100_03.csv;dot_product1;lada;exponential;79;0.0568
4d_class1_100_03.csv;dot_product1;lada;reciprocal_average;78;0.0576
4d_class1_100_03.csv;dot_product2;lada;average;79;0.0807
4d_class1_100_03.csv;dot_product2;lada;exponential;80;0.0812
4d_class1_100_03.csv;dot_product2;lada;reciprocal_average;79;0.0842
4d_class1_100_03.csv;l2_norm_of_slacks;lada;average;78;0.0651
4d_class1_100_03.csv;l2_norm_of_slacks;lada;exponential;79;0.0692
4d_class1_100_03.csv;l2_norm_of_slacks;lada;reciprocal_average;79;0.0694
4d_class1_100_04.csv;FFD_sum;elem;nincs;79;0.0044
4d_class1_100_04.csv;FFD_prod;elem;nincs;78;0.0046
4d_class1_100_04.csv;FFD_avg;elem;nincs;79;0.0044
4d_class1_100_04.csv;FFD_sum;lada;nincs;79;0.0045
4d_class1_100_04.csv;FFD_prod;lada;nincs;78;0.0047
4d_class1_100_04.csv;FFD_avg;lada;nincs;79;0.0045
4d_class1_100_04.csv;dot_product1;lada;average;80;0.057
4d_class1_100_04.csv;dot_product1;lada;exponential;80;0.0577
4d_class1_100_04.csv;dot_product1;lada;reciprocal_average;80;0.0624
4d_class1_100_04.csv;dot_product2;lada;average;80;0.087
4d_class1_100_04.csv;dot_product2;lada;exponential;83;0.0914
4d_class1_100_04.csv;dot_product2;lada;reciprocal_average;83;0.0975
4d_class1_100_04.csv;l2_norm_of_slacks;lada;average;79;0.0688
4d_class1_100_04.csv;l2_norm_of_slacks;lada;exponential;80;0.0692
4d_class1_100_04.csv;l2_norm_of_slacks;lada;reciprocal_average;80;0.0706
4d_class1_500_01.csv;FFD_sum;elem;nincs;328;0.0882
4d_class1_500_01.csv;FFD_prod;elem;nincs;325;0.0891
4d_class1_500_01.csv;FFD_avg;elem;nincs;328;0.0896
4d_class1_500_01.csv;FFD_sum;lada;nincs;328;0.0908
4d_class1_500_01.csv;FFD_prod;lada;nincs;325;0.0898
4d_class1_500_01.csv;FFD_avg;lada;nincs;328;0.092
4d_class1_500_01.csv;dot_product1;lada;average;326;1.1997
4d_class1_500_01.csv;dot_product1;lada;exponential;327;1.2201
4d_class1_500_01.csv;dot_product1;lada;reciprocal_average;326;1.2562
4d_class1_500_01.csv;dot_product2;lada;average;330;1.7944
4d_class1_500_01.csv;dot_product2;lada;exponential;329;1.7777
4d_class1_500_01.csv;dot_product2;lada;reciprocal_average;330;1.8203
4d_class1_500_01.csv;l2_norm_of_slacks;lada;average;326;1.228
4d_class1_500_01.csv;l2_norm_of_slacks;lada;exponential;326;1.2446
4d_class1_500_01.csv;l2_norm_of_slacks;lada;reciprocal_average;327;1.2537
4d_class1_500_02.csv;FFD_sum;elem;nincs;335;0.0943
4d_class1_500_02.csv;FFD_prod;elem;nincs;334;0.0934
4d_class1_500_02.csv;FFD_avg;elem;nincs;335;0.0958
4d_class1_500_02.csv;FFD_sum;lada;nincs;335;0.1024
4d_class1_500_02.csv;FFD_prod;lada;nincs;334;0.1135
4d_class1_500_02.csv;FFD_avg;lada;nincs;335;0.1214
4d_class1_500_02.csv;dot_product1;lada;average;336;1.3555
4d_class1_500_02.csv;dot_product1;lada;exponential;336;1.2965
4d_class1_500_02.csv;dot_product1;lada;reciprocal_average;336;1.3102
4d_class1_500_02.csv;dot_product2;lada;average;342;1.8146
4d_class1_500_02.csv;dot_product2;lada;exponential;341;1.8297
4d_class1_500_02.csv;dot_product2;lada;reciprocal_average;341;1.8741
4d_class1_500_02.csv;l2_norm_of_slacks;lada;average;336;1.274
4d_class1_500_02.csv;l2_norm_of_slacks;lada;exponential;336;1.2701
4d_class1_500_02.csv;l2_norm_of_slacks;lada;reciprocal_average;336;1.3067
4d_class1_500_03.csv;FFD_sum;elem;nincs;359;0.1022
4d_class1_500_03.csv;FFD_prod;elem;nincs;362;0.1012
4d_class1_500_03.csv;FFD_avg;elem;nincs;359;0.1024
4d_class1_500_03.csv;FFD_sum;lada;nincs;359;0.1026
4d_class1_500_03.csv;FFD_prod;lada;nincs;362;0.103
4d_class1_500_03.csv;FFD_avg;lada;nincs;359;0.1097
4d_class1_500_03.csv;dot_product1;lada;average;360;1.3715
4d_class1_500_03.csv;dot_product1;lada;exponential;360;1.3446
4d_class1_500_03.csv;dot_product1;lada;reciprocal_average;359;1.3755
4d_class1_500_03.csv;dot_product2;lada;average;366;1.9267
4d_class1_500_03.csv;dot_product2;lada;exponential;366;2.007
4d_class1_500_03.csv;dot_product2;lada;reciprocal_average;364;1.9228
4d_class1_500_03.csv;l2_norm_of_slacks;lada;average;362;1.4041
4d_class1_500_03.csv;l2_norm_of_slacks;lada;exponential;362;1.3714
4d_class1_500_03.csv;l2_norm_of_slacks;lada;reciprocal_average;363;1.3899
4d_class1_500_04.csv;FFD_sum;elem;nincs;343;0.0955
4d_class1_500_04.csv;FFD_prod;elem;nincs;342;0.1006
4d_class1_500_04.csv;FFD_avg;elem;nincs;343;0.1103
4d_class1_500_04.csv;FFD_sum;lada;nincs;343;0.1131
4d_class1_500_04.csv;FFD_prod;lada;nincs;342;0.1122
4d_class1_500_04.csv;FFD_avg;lada;nincs;343;0.1141
4d_class1_500_04.csv;dot_product1;lada;average;344;1.3111
4d_class1_500_04.csv;dot_product1;lada;exponential;343;1.3548
4d_class1_500_04.csv;dot_product1;lada;reciprocal_average;344;1.3071
4d_class1_500_04.csv;dot_product2;lada;average;348;1.9384
4d_class1_500_04.csv;dot_product2;lada;exponential;348;1.7951
4d_class1_500_04.csv;dot_product2;lada;reciprocal_average;349;1.9252
4d_class1_500_04.csv;l2_norm_of_slacks;lada;average;345;1.2891
4d_class1_500_04.csv;l2_norm_of_slacks;lada;exponential;346;1.3876
4d_class1_500_04.csv;l2_norm_of_slacks;lada;reciprocal_average;343;1.3079
4d_class2_1000_01.csv;FFD_sum;elem;nincs;287;0.1638
4d_class2_1000_01.csv;FFD_prod;elem;nincs;288;0.1675
4d_class2_1000_01.csv;FFD_avg;elem;nincs;287;0.1739
4d_class2_1000_01.csv;FFD_sum;lada;nincs;287;0.1726
4d_class2_1000_01.csv;FFD_prod;lada;nincs;288;0.1755
4d_class2_1000_01.csv;FFD_avg;lada;nincs;287;0.1746
4d_class2_1000_01.csv;dot_product1;lada;average;268;5.5175
4d_class2_1000_01.csv;dot_product1;lada;exponential;268;5.7325
4d_class2_1000_01.csv;dot_product1;lada;reciprocal_average;269;5.4925
4d_class2_1000_01.csv;dot_product2;lada;average;276;8.6676
4d_class2_1000_01.csv;dot_product2;lada;exponential;276;8.6754
4d_class2_1000_01.csv;dot_product2;lada;reciprocal_average;273;8.9444
4d_class2_1000_01.csv;l2_norm_of_slacks;lada;average;267;5.6016
4d_class2_1000_01.csv;l2_norm_of_slacks;lada;exponential;267;5.6102
4d_class2_1000_01.csv;l2_norm_of_slacks;lada;reciprocal_average;266;5.5054
4d_class2_1000_02.csv;FFD_sum;elem;nincs;293;0.189
4d_class2_1000_02.csv;FFD_prod;elem;nincs;293;0.2012
4d_class2_1000_02.csv;FFD_avg;elem;nincs;293;0.1965
4d_class2_1000_02.csv;FFD_sum;lada;nincs;293;0.1849
4d_class2_1000_02.csv;FFD_prod;lada;nincs;293;0.1794
4d_class2_1000_02.csv;FFD_avg;lada;nincs;293;0.1883
4d_class2_1000_02.csv;dot_product1;lada;average;275;5.5859
4d_class2_1000_02.csv;dot_product1;lada;exponential;275;5.543
4d_class2_1000_02.csv;dot_product1;lada;reciprocal_average;276;5.7913
4d_class2_1000_02.csv;dot_product2;lada;average;282;8.6667
4d_class2_1000_02.csv;dot_product2;lada;exponential;283;8.6413
4d_class2_1000_02.csv;dot_product2;lada;reciprocal_average;281;8.6606
4d_class2_1000_02.csv;l2_norm_of_slacks;lada;average;274;5.6673
4d_class2_1000_02.csv;l2_norm_of_slacks;lada;exponential;274;5.7547
4d_class2_1000_02.csv;l2_norm_of_slacks;lada;reciprocal_average;274;5.75
4d_class2_1000_03.csv;FFD_sum;elem;nincs;288;0.1813
4d_class2_1000_03.csv;FFD_prod;elem;nincs;292;0.19
4d_class2_1000_03.csv;FFD_avg;elem;nincs;288;0.1837
4d_class2_1000_03.csv;FFD_sum;lada;nincs;288;0.1904
4d_class2_1000_03.csv;FFD_prod;lada;nincs;292;0.1967
4d_class2_1000_03.csv;FFD_avg;lada;nincs;288;0.1904
4d_class2_1000_03.csv;dot_product1;lada;average;274;5.4632
4d_class2_1000_03.csv;dot_product1;lada;exponential;274;5.4626
4d_class2_1000_03.csv;dot_product1;lada;reciprocal_average;274;5.4234
4d_class2_1000_03.csv;dot_product2;lada;average;282;8.362
4d_class2_1000_03.csv;dot_product2;lada;exponential;280;8.4225
4d_class2_1000_03.csv;dot_product2;lada;reciprocal_average;281;8.3813
4d_class2_1000_03.csv;l2_norm_of_slacks;lada;average;274;5.5586
4d_class2_1000_03.csv;l2_norm_of_slacks;lada;exponential;273;5.4775
4d_class2_1000_03.csv;l2_norm_of_slacks;lada;reciprocal_average;273;5.5933
4d_class2_1000_04.csv;FFD_sum;elem;nincs;288;0.1659
4d_class2_1000_04.csv;FFD_prod;elem;nincs;289;0.1691
4d_class2_1000_04.csv;FFD_avg;elem;nincs;288;0.1728
4d_class2_1000_04.csv;FFD_sum;lada;nincs;288;0.1896
4d_class2_1000_04.csv;FFD_prod;lada;nincs;289;0.1779
4d_class2_1000_04.csv;FFD_avg;lada;nincs;288;0.1897
4d_class2_1000_04.csv;dot_product1;lada;average;271;5.3917
4d_class2_1000_04.csv;dot_product1;lada;exponential;270;5.4297
4d_class2_1000_04.csv;dot_product1;lada;reciprocal_average;269;5.5138
4d_class2_1000_04.csv;dot_product2;lada;average;277;8.2397
4d_class2_1000_04.csv;dot_product2;lada;exponential;278;8.3451
4d_class2_1000_04.csv;dot_product2;lada;reciprocal_average;279;8.3286
4d_class2_1000_04.csv;l2_norm_of_slacks;lada;average;270;5.4246
4d_class2_1000_04.csv;l2_norm_of_slacks;lada;exponential;271;5.6185
4d_class2_1000_04.csv;l2_norm_of_slacks;lada;reciprocal_average;270;5.433
4d_class2_100_01.csv;FFD_sum;elem;nincs;30;0.002
4d_class2_100_01.csv;FFD_prod;elem;nincs;30;0.0021
4d_class2_100_01.csv;FFD_avg;elem;nincs;30;0.0018
4d_class2_100_01.csv;FFD_sum;lada;nincs;30;0.0018
4d_class2_100_01.csv;FFD_prod;lada;nincs;30;0.002
4d_class2_100_01.csv;FFD_avg;lada;nincs;30;0.0018
4d_class2_100_01.csv;dot_product1;lada;average;29;0.0556
4d_class2_100_01.csv;dot_product1;lada;exponential;29;0.057
4d_class2_100_01.csv;dot_product1;lada;reciprocal_average;29;0.0597
4d_class2_100_01.csv;dot_product2;lada;average;31;0.0863
4d_class2_100_01.csv;dot_product2;lada;exponential;31;0.0855
4d_class2_100_01.csv;dot_product2;lada;reciprocal_average;31;0.0947
4d_class2_100_01.csv;l2_norm_of_slacks;lada;average;29;0.0635
4d_class2_100_01.csv;l2_norm_of_slacks;lada;exponential;29;0.0648
4d_class2_100_01.csv;l2_norm_of_slacks;lada;reciprocal_average;29;0.0666
4d_class2_100_02.csv;FFD_sum;elem;nincs;31;0.0018
4d_class2_100_02.csv;FFD_prod;elem;nincs;31;0.002
4d_class2_100_02.csv;FFD_avg;elem;nincs;31;0.0019
4d_class2_100_02.csv;FFD_sum;lada;nincs;31;0.0018
4d_class2_100_02.csv;FFD_prod;lada;nincs;31;0.002
4d_class2_100_02.csv;FFD_avg;lada;nincs;31;0.0018
4d_class2_100_02.csv;dot_product1;lada;average;30;0.0539
4d_class2_100_02.csv;dot_product1;lada;exponential;29;0.0527
4d_class2_100_02.csv;dot_product1;lada;reciprocal_average;30;0.0566
4d_class2_100_02.csv;dot_product2;lada;average;31;0.0861
4d_class2_100_02.csv;dot_product2;lada;exponential;31;0.0853
4d_class2_100_02.csv;dot_product2;lada;reciprocal_average;31;0.0888
4d_class2_100_02.csv;l2_norm_of_slacks;lada;average;30;0.0586
4d_class2_100_02.csv;l2_norm_of_slacks;lada;exponential;30;0.059
4d_class2_100_02.csv;l2_norm_of_slacks;lada;reciprocal_average;30;0.0606
4d_class2_100_03.csv;FFD_sum;elem;nincs;29;0.0018
4d_class2_100_03.csv;FFD_prod;elem;nincs;30;0.0022
4d_class2_100_03.csv;FFD_avg;elem;nincs;29;0.0018
4d_class2_100_03.csv;FFD_sum;lada;nincs;29;0.0017
4d_class2_100_03.csv;FFD_prod;lada;nincs;30;0.0021
4d_class2_100_03.csv;FFD_avg;lada;nincs;29;0.0018
4d_class2_100_03.csv;dot_product1;lada;average;29;0.0557
4d_class2_100_03.csv;dot_product1;lada;exponential;29;0.0587
4d_class2_100_03.csv;dot_product1;lada;reciprocal_average;29;0.0569
4d_class2_100_03.csv;dot_product2;lada;average;30;0.0841
4d_class2_100_03.csv;dot_product2;lada;exponential;31;0.0879
4d_class2_100_03.csv;dot_product2;lada;reciprocal_average;30;0.0908
4d_class2_100_03.csv;l2_norm_of_slacks;lada;average;29;0.061
4d_class2_100_03.csv;l2_norm_of_slacks;lada;exponential;29;0.0627
4d_class2_100_03.csv;l2_norm_of_slacks;lada;reciprocal_average;28;0.0693
4d_class2_100_04.csv;FFD_sum;elem;nincs;30;0.0018
4d_class2_100_04.csv;FFD_prod;elem;nincs;31;0.002
4d_class2_100_04.csv;FFD_avg;elem;nincs;30;0.0019
4d_class2_100_04.csv;FFD_sum;lada;nincs;30;0.0017
4d_class2_100_04.csv;FFD_prod;lada;nincs;31;0.002
4d_class2_100_04.csv;FFD_avg;lada;nincs;30;0.0017
4d_class2_100_04.csv;dot_product1;lada;average;30;0.0504
4d_class2_100_04.csv;dot_product1;lada;exponential;30;0.052
4d_class2_100_04.csv;dot_product1;lada;reciprocal_average;30;0.0532
4d_class2_100_04.csv;dot_product2;lada;average;32;0.0907
4d_class2_100_04.csv;dot_product2;lada;exponential;33;0.0901
4d_class2_100_04.csv;dot_product2;lada;reciprocal_average;32;0.0939
4d_class2_100_04.csv;l2_norm_of_slacks;lada;average;30;0.0581
4d_class2_100_04.csv;l2_norm_of_slacks;lada;exponential;30;0.0574
4d_class2_100_04.csv;l2_norm_of_slacks;lada;reciprocal_average;30;0.059
4d_class2_500_01.csv;FFD_sum;elem;nincs;147;0.0432
4d_class2_500_01.csv;FFD_prod;elem;nincs;148;0.0461
4d_class2_500_01.csv;FFD_avg;elem;nincs;147;0.0443
4d_class2_500_01.csv;FFD_sum;lada;nincs;147;0.0446
4d_class2_500_01.csv;FFD_prod;lada;nincs;148;0.0454
4d_class2_500_01.csv;FFD_avg;lada;nincs;147;0.0447
4d_class2_500_01.csv;dot_product1;lada;average;140;1.3647
4d_class2_500_01.csv;dot_product1;lada;exponential;140;1.3604
4d_class2_500_01.csv;dot_product1;lada;reciprocal_average;140;1.3573
4d_class2_500_01.csv;dot_product2;lada;average;145;2.1364
4d_class2_500_01.csv;dot_product2;lada;exponential;145;2.1635
4d_class2_500_01.csv;dot_product2;lada;reciprocal_average;145;2.203
4d_class2_500_01.csv;l2_norm_of_slacks;lada;average;140;1.419
4d_class2_500_01.csv;l2_norm_of_slacks;lada;exponential;139;1.378
4d_class2_500_01.csv;l2_norm_of_slacks;lada;reciprocal_average;140;1.3487
4d_class2_500_02.csv;FFD_sum;elem;nincs;149;0.0456
4d_class2_500_02.csv;FFD_prod;elem;nincs;147;0.0456
4d_class2_500_02.csv;FFD_avg;elem;nincs;149;0.0449
4d_class2_500_02.csv;FFD_sum;lada;nincs;149;0.0448
4d_class2_500_02.csv;FFD_prod;lada;nincs;147;0.0461
4d_class2_500_02.csv;FFD_avg;lada;nincs;149;0.0453
4d_class2_500_02.csv;dot_product1;lada;average;141;1.4174
4d_class2_500_02.csv;dot_product1;lada;exponential;140;1.3777
4d_class2_500_02.csv;dot_product1;lada;reciprocal_average;140;1.3926
4d_class2_500_02.csv;dot_product2;lada;average;147;2.2724
4d_class2_500_02.csv;dot_product2;lada;exponential;146;2.1931
4d_class2_500_02.csv;dot_product2;lada;reciprocal_average;144;2.165
4d_class2_500_02.csv;l2_norm_of_slacks;lada;average;140;1.3708
4d_class2_500_02.csv;l2_norm_of_slacks;lada;exponential;140;1.4031
4d_class2_500_02.csv;l2_norm_of_slacks;lada;reciprocal_average;139;1.4314
4d_class2_500_03.csv;FFD_sum;elem;nincs;146;0.0407
4d_class2_500_03.csv;FFD_prod;elem;nincs;147;0.0431
4d_class2_500_03.csv;FFD_avg;elem;nincs;146;0.0418
4d_class2_500_03.csv;FFD_sum;lada;nincs;146;0.0415
4d_class2_500_03.csv;FFD_prod;lada;nincs;147;0.0435
4d_class2_500_03.csv;FFD_avg;lada;nincs;146;0.0447
4d_class2_500_03.csv;dot_product1;lada;average;138;1.3904
4d_class2_500_03.csv;dot_product1;lada;exponential;137;1.3966
4d_class2_500_03.csv;dot_product1;lada;reciprocal_average;137;1.3241
4d_class2_500_03.csv;dot_product2;lada;average;144;2.1395
4d_class2_500_03.csv;dot_product2;lada;exponential;143;2.1288
4d_class2_500_03.csv;dot_product2;lada;reciprocal_average;141;2.1072
4d_class2_500_03.csv;l2_norm_of_slacks;lada;average;138;1.3794
4d_class2_500_03.csv;l2_norm_of_slacks;lada;exponential;139;1.3986
4d_class2_500_03.csv;l2_norm_of_slacks;lada;reciprocal_average;138;1.4081
4d_class2_500_04.csv;FFD_sum;elem;nincs;148;0.0437
4d_class2_500_04.csv;FFD_prod;elem;nincs;147;0.0451
4d_class2_500_04.csv;FFD_avg;elem;nincs;148;0.0446
4d_class2_500_04.csv;FFD_sum;lada;nincs;148;0.0443
4d_class2_500_04.csv;FFD_prod;lada;nincs;147;0.0475
4d_class2_500_04.csv;FFD_avg;lada;nincs;148;0.0444
4d_class2_500_04.csv;dot_product1;lada;average;140;1.3626
4d_class2_500_04.csv;dot_product1;lada;exponential;140;1.3325
4d_class2_500_04.csv;dot_product1;lada;reciprocal_average;140;1.3533
4d_class2_500_04.csv;dot_product2;lada;average;146;2.1927
4d_class2_500_04.csv;dot_product2;lada;exponential;148;2.2268
4d_class2_500_04.csv;dot_product2;lada;reciprocal_average;147;2.2594
4d_class2_500_04.csv;l2_norm_of_slacks;lada;average;140;1.3111
4d_class2_500_04.csv;l2_norm_of_slacks;lada;exponential;140;1.4045
4d_class2_500_04.csv;l2_norm_of_slacks;lada;reciprocal_average;140;1.4557
4d_class3_1000_01.csv;FFD_sum;elem;nincs;539;0.3367
4d_class3_1000_01.csv;FFD_prod;elem;nincs;539;0.33
4d_class3_1000_01.csv;FFD_avg;elem;nincs;539;0.3282
4d_class3_1000_01.csv;FFD_sum;lada;nincs;539;0.3589
4d_class3_1000_01.csv;FFD_prod;lada;nincs;539;0.3483
4d_class3_1000_01.csv;FFD_avg;lada;nincs;539;0.3437
4d_class3_1000_01.csv;dot_product1;lada;average;538;4.7383
4d_class3_1000_01.csv;dot_product1;lada;exponential;539;4.6169
4d_class3_1000_01.csv;dot_product1;lada;reciprocal_average;538;4.7117
4d_class3_1000_01.csv;dot_product2;lada;average;546;6.7007
4d_class3_1000_01.csv;dot_product2;lada;exponential;546;6.6754
4d_class3_1000_01.csv;dot_product2;lada;reciprocal_average;568;6.5741
4d_class3_1000_01.csv;l2_norm_of_slacks;lada;average;539;4.8121
4d_class3_1000_01.csv;l2_norm_of_slacks;lada;exponential;539;4.7452
4d_class3_1000_01.csv;l2_norm_of_slacks;lada;reciprocal_average;539;4.7916
4d_class3_1000_02.csv;FFD_sum;elem;nincs;549;0.3417
4d_class3_1000_02.csv;FFD_prod;elem;nincs;550;0.3587
4d_class3_1000_02.csv;FFD_avg;elem;nincs;549;0.356
4d_class3_1000_02.csv;FFD_sum;lada;nincs;549;0.3563
4d_class3_1000_02.csv;FFD_prod;lada;nincs;550;0.3587
4d_class3_1000_02.csv;FFD_avg;lada;nincs;549;0.3386
4d_class3_1000_02.csv;dot_product1;lada;average;549;4.8008
4d_class3_1000_02.csv;dot_product1;lada;exponential;549;4.8325
4d_class3_1000_02.csv;dot_product1;lada;reciprocal_average;548;4.9322
4d_class3_1000_02.csv;dot_product2;lada;average;554;6.8072
4d_class3_1000_02.csv;dot_product2;lada;exponential;553;6.9154
4d_class3_1000_02.csv;dot_product2;lada;reciprocal_average;558;6.8658
4d_class3_1000_02.csv;l2_norm_of_slacks;lada;average;549;4.9079
4d_class3_1000_02.csv;l2_norm_of_slacks;lada;exponential;549;4.9222
4d_class3_1000_02.csv;l2_norm_of_slacks;lada;reciprocal_average;549;4.8404
4d_class3_1000_03.csv;FFD_sum;elem;nincs;548;0.341
4d_class3_1000_03.csv;FFD_prod;elem;nincs;548;0.3781
4d_class3_1000_03.csv;FFD_avg;elem;nincs;548;0.3783
4d_class3_1000_03.csv;FFD_sum;lada;nincs;548;0.3607
4d_class3_1000_03.csv;FFD_prod;lada;nincs;548;0.3609
4d_class3_1000_03.csv;FFD_avg;lada;nincs;548;0.3695
4d_class3_1000_03.csv;dot_product1;lada;average;547;5.0137
4d_class3_1000_03.csv;dot_product1;lada;exponential;548;4.8243
4d_class3_1000_03.csv;dot_product1;lada;reciprocal_average;547;4.9337
4d_class3_1000_03.csv;dot_product2;lada;average;554;7.0119
4d_class3_1000_03.csv;dot_product2;lada;exponential;553;6.962
4d_class3_1000_03.csv;dot_product2;lada;reciprocal_average;554;6.8464
4d_class3_1000_03.csv;l2_norm_of_slacks;lada;average;548;4.8906
4d_class3_1000_03.csv;l2_norm_of_slacks;lada;exponential;548;4.9369
4d_class3_1000_03.csv;l2_norm_of_slacks;lada;reciprocal_average;548;4.9022
4d_class3_1000_04.csv;FFD_sum;elem;nincs;546;0.3371
4d_class3_1000_04.csv;FFD_prod;elem;nincs;545;0.3392
4d_class3_1000_04.csv;FFD_avg;elem;nincs;546;0.3443
4d_class3_1000_04.csv;FFD_sum;lada;nincs;546;0.38
4d_class3_1000_04.csv;FFD_prod;lada;nincs;545;0.3845
4d_class3_1000_04.csv;FFD_avg;lada;nincs;546;0.3748
4d_class3_1000_04.csv;dot_product1;lada;average;544;4.7587
4d_class3_1000_04.csv;dot_product1;lada;exponential;544;4.7098
4d_class3_1000_04.csv;dot_product1;lada;reciprocal_average;545;4.7795
4d_class3_1000_04.csv;dot_product2;lada;average;553;6.6988
4d_class3_1000_04.csv;dot_product2;lada;exponential;551;6.8831
4d_class3_1000_04.csv;dot_product2;lada;reciprocal_average;576;6.8126
4d_class3_1000_04.csv;l2_norm_of_slacks;lada;average;546;4.8865
4d_class3_1000_04.csv;l2_norm_of_slacks;lada;exponential;546;4.858
4d_class3_1000_04.csv;l2_norm_of_slacks;lada;reciprocal_average;546;5.0588
4d_class3_100_01.csv;FFD_sum;elem;nincs;56;0.0037
4d_class3_100_01.csv;FFD_prod;elem;nincs;56;0.0039
4d_class3_100_01.csv;FFD_avg;elem;nincs;56;0.0036
4d_class3_100_01.csv;FFD_sum;lada;nincs;56;0.0036
4d_class3_100_01.csv;FFD_prod;lada;nincs;56;0.0038
4d_class3_100_01.csv;FFD_avg;lada;nincs;56;0.0036
4d_class3_100_01.csv;dot_product1;lada;average;56;0.0485
4d_class3_100_01.csv;dot_product1;lada;exponential;56;0.0494
4d_class3_100_01.csv;dot_product1;lada;reciprocal_average;56;0.0512
4d_class3_100_01.csv;dot_product2;lada;average;57;0.071
4d_class3_100_01.csv;dot_product2;lada;exponential;57;0.07
4d_class3_100_01.csv;dot_product2;lada;reciprocal_average;56;0.0728
4d_class3_100_01.csv;l2_norm_of_slacks;lada;average;56;0.051
4d_class3_100_01.csv;l2_norm_of_slacks;lada;exponential;56;0.0512
4d_class3_100_01.csv;l2_norm_of_slacks;lada;reciprocal_average;56;0.0519
4d_class3_100_02.csv;FFD_sum;elem;nincs;57;0.0044
4d_class3_100_02.csv;FFD_prod;elem;nincs;57;0.0038
4d_class3_100_02.csv;FFD_avg;elem;nincs;57;0.0037
4d_class3_100_02.csv;FFD_sum;lada;nincs;57;0.0037
4d_class3_100_02.csv;FFD_prod;lada;nincs;57;0.0041
4d_class3_100_02.csv;FFD_avg;lada;nincs;57;0.0039
4d_class3_100_02.csv;dot_product1;lada;average;57;0.0515
4d_class3_100_02.csv;dot_product1;lada;exponential;57;0.0521
4d_class3_100_02.csv;dot_product1;lada;reciprocal_average;57;0.0533
4d_class3_100_02.csv;dot_product2;lada;average;57;0.0706
4d_class3_100_02.csv;dot_product2;lada;exponential;58;0.0718
4d_class3_100_02.csv;dot_product2;lada;reciprocal_average;58;0.0717
4d_class3_100_02.csv;l2_norm_of_slacks;lada;average;57;0.0583
4d_class3_100_02.csv;l2_norm_of_slacks;lada;exponential;57;0.0602
4d_class3_100_02.csv;l2_norm_of_slacks;lada;reciprocal_average;57;0.0623
4d_class3_100_03.csv;FFD_sum;elem;nincs;56;0.0038
4d_class3_100_03.csv;FFD_prod;elem;nincs;57;0.0037
4d_class3_100_03.csv;FFD_avg;elem;nincs;56;0.0034
4d_class3_100_03.csv;FFD_sum;lada;nincs;56;0.0035
4d_class3_100_03.csv;FFD_prod;lada;nincs;57;0.0038
4d_class3_100_03.csv;FFD_avg;lada;nincs;56;0.0036
4d_class3_100_03.csv;dot_product1;lada;average;57;0.0494
4d_class3_100_03.csv;dot_product1;lada;exponential;57;0.0498
4d_class3_100_03.csv;dot_product1;lada;reciprocal_average;56;0.0506
4d_class3_100_03.csv;dot_product2;lada;average;57;0.0682
4d_class3_100_03.csv;dot_product2;lada;exponential;57;0.0709
4d_class3_100_03.csv;dot_product2;lada;reciprocal_average;57;0.0724
4d_class3_100_03.csv;l2_norm_of_slacks;lada;average;57;0.0501
4d_class3_100_03.csv;l2_norm_of_slacks;lada;exponential;57;0.0506
4d_class3_100_03.csv;l2_norm_of_slacks;lada;reciprocal_average;57;0.0516
4d_class3_100_04.csv;FFD_sum;elem;nincs;58;0.0036
4d_class3_100_04.csv;FFD_prod;elem;nincs;58;0.0038
4d_class3_100_04.csv;FFD_avg;elem;nincs;58;0.0037
4d_class3_100_04.csv;FFD_sum;lada;nincs;58;0.0037
4d_class3_100_04.csv;FFD_prod;lada;nincs;58;0.0041
4d_class3_100_04.csv;FFD_avg;lada;nincs;58;0.0038
4d_class3_100_04.csv;dot_product1;lada;average;57;0.0507
4d_class3_100_04.csv;dot_product1;lada;exponential;58;0.0507
4d_class3_100_04.csv;dot_product1;lada;reciprocal_average;58;0.0525
4d_class3_100_04.csv;dot_product2;lada;average;58;0.0738
4d_class3_100_04.csv;dot_product2;lada;exponential;59;0.0805
4d_class3_100_04.csv;dot_product2;lada;reciprocal_average;60;0.08
4d_class3_100_04.csv;l2_norm_of_slacks;lada;average;58;0.0618
4d_class3_100_04.csv;l2_norm_of_slacks;lada;exponential;58;0.0618
4d_class3_100_04.csv;l2_norm_of_slacks;lada;reciprocal_average;58;0.0566
4d_class3_500_01.csv;FFD_sum;elem;nincs;275;0.0927
4d_class3_500_01.csv;FFD_prod;elem;nincs;275;0.0986
4d_class3_500_01.csv;FFD_avg;elem;nincs;275;0.0993
4d_class3_500_01.csv;FFD_sum;lada;nincs;275;0.0988
4d_class3_500_01.csv;FFD_prod;lada;nincs;275;0.0877
4d_class3_500_01.csv;FFD_avg;lada;nincs;275;0.0877
4d_class3_500_01.csv;dot_product1;lada;average;275;1.269
4d_class3_500_01.csv;dot_product1;lada;exponential;275;1.3003
4d_class3_500_01.csv;dot_product1;lada;reciprocal_average;275;1.2476
4d_class3_500_01.csv;dot_product2;lada;average;280;1.7586
4d_class3_500_01.csv;dot_product2;lada;exponential;278;1.8222
4d_class3_500_01.csv;dot_product2;lada;reciprocal_average;288;1.8199
4d_class3_500_01.csv;l2_norm_of_slacks;lada;average;275;1.2362
4d_class3_500_01.csv;l2_norm_of_slacks;lada;exponential;275;1.2543
4d_class3_500_01.csv;l2_norm_of_slacks;lada;reciprocal_average;275;1.3037
4d_class3_500_02.csv;FFD_sum;elem;nincs;278;0.0906
4d_class3_500_02.csv;FFD_prod;elem;nincs;278;0.0966
4d_class3_500_02.csv;FFD_avg;elem;nincs;278;0.0967
4d_class3_500_02.csv;FFD_sum;lada;nincs;278;0.0977
4d_class3_500_02.csv;FFD_prod;lada;nincs;278;0.0987
4d_class3_500_02.csv;FFD_avg;lada;nincs;278;0.0954
4d_class3_500_02.csv;dot_product1;lada;average;278;1.2665
4d_class3_500_02.csv;dot_product1;lada;exponential;278;1.1959
4d_class3_500_02.csv;dot_product1;lada;reciprocal_average;278;1.2005
4d_class3_500_02.csv;dot_product2;lada;average;280;1.7191
4d_class3_500_02.csv;dot_product2;lada;exponential;281;1.7401
4d_class3_500_02.csv;dot_product2;lada;reciprocal_average;291;1.8443
4d_class3_500_02.csv;l2_norm_of_slacks;lada;average;278;1.261
4d_class3_500_02.csv;l2_norm_of_slacks;lada;exponential;278;1.2256
4d_class3_500_02.csv;l2_norm_of_slacks;lada;reciprocal_average;278;1.2423
4d_class3_500_03.csv;FFD_sum;elem;nincs;271;0.0876
4d_class3_500_03.csv;FFD_prod;elem;nincs;272;0.0901
4d_class3_500_03.csv;FFD_avg;elem;nincs;271;0.0951
4d_class3_500_03.csv;FFD_sum;lada;nincs;271;0.0932
4d_class3_500_03.csv;FFD_prod;lada;nincs;272;0.0962
4d_class3_500_03.csv;FFD_avg;lada;nincs;271;0.0981
4d_class3_500_03.csv;dot_product1;lada;average;271;1.2896
4d_class3_500_03.csv;dot_product1;lada;exponential;271;1.236
4d_class3_500_03.csv;dot_product1;lada;reciprocal_average;271;1.2779
4d_class3_500_03.csv;dot_product2;lada;average;274;1.7057
4d_class3_500_03.csv;dot_product2;lada;exponential;274;1.7495
4d_class3_500_03.csv;dot_product2;lada;reciprocal_average;274;1.7478
4d_class3_500_03.csv;l2_norm_of_slacks;lada;average;271;1.2217
4d_class3_500_03.csv;l2_norm_of_slacks;lada;exponential;271;1.2427
4d_class3_500_03.csv;l2_norm_of_slacks;lada;reciprocal_average;272;1.2101
4d_class3_500_04.csv;FFD_sum;elem;nincs;279;0.0933
4d_class3_500_04.csv;FFD_prod;elem;nincs;278;0.0937
4d_class3_500_04.csv;FFD_avg;elem;nincs;279;0.092
4d_class3_500_04.csv;FFD_sum;lada;nincs;279;0.0903
4d_class3_500_04.csv;FFD_prod;lada;nincs;278;0.094
4d_class3_500_04.csv;FFD_avg;lada;nincs;279;0.0947
4d_class3_500_04.csv;dot_product1;lada;average;278;1.236
4d_class3_500_04.csv;dot_product1;lada;exponential;278;1.2563
4d_class3_500_04.csv;dot_product1;lada;reciprocal_average;279;1.2512
4d_class3_500_04.csv;dot_product2;lada;average;282;1.7724
4d_class3_500_04.csv;dot_product2;lada;exponential;282;1.836
4d_class3_500_04.csv;dot_product2;lada;reciprocal_average;282;1.8775
4d_class3_500_04.csv;l2_norm_of_slacks;lada;average;278;1.2817
4d_class3_500_04.csv;l2_norm_of_slacks;lada;exponential;278;1.2834
4d_class3_500_04.csv;l2_norm_of_slacks;lada;reciprocal_average;279;1.3506
4d_class4_1000_01.csv;FFD_sum;elem;nincs;338;0.2402
4d_class4_1000_01.csv;FFD_prod;elem;nincs;338;0.2335
4d_class4_1000_01.csv;FFD_avg;elem;nincs;338;0.265
4d_class4_1000_01.csv;FFD_sum;lada;nincs;338;0.2433
4d_class4_1000_01.csv;FFD_prod;lada;nincs;338;0.2385
4d_class4_1000_01.csv;FFD_avg;lada;nincs;338;0.2427
4d_class4_1000_01.csv;dot_product1;lada;average;328;4.7247
4d_class4_1000_01.csv;dot_product1;lada;exponential;328;4.8347
4d_class4_1000_01.csv;dot_product1;lada;reciprocal_average;329;4.8324
4d_class4_1000_01.csv;dot_product2;lada;average;336;6.9191
4d_class4_1000_01.csv;dot_product2;lada;exponential;336;6.8459
4d_class4_1000_01.csv;dot_product2;lada;reciprocal_average;336;7.1288
4d_class4_1000_01.csv;l2_norm_of_slacks;lada;average;328;4.6739
4d_class4_1000_01.csv;l2_norm_of_slacks;lada;exponential;328;4.8437
4d_class4_1000_01.csv;l2_norm_of_slacks;lada;reciprocal_average;328;4.7743
4d_class4_1000_02.csv;FFD_sum;elem;nincs;336;0.2514
4d_class4_1000_02.csv;FFD_prod;elem;nincs;340;0.2569
4d_class4_1000_02.csv;FFD_avg;elem;nincs;336;0.2517
4d_class4_1000_02.csv;FFD_sum;lada;nincs;336;0.2504
4d_class4_1000_02.csv;FFD_prod;lada;nincs;340;0.2366
4d_class4_1000_02.csv;FFD_avg;lada;nincs;336;0.2306
4d_class4_1000_02.csv;dot_product1;lada;average;330;4.7652
4d_class4_1000_02.csv;dot_product1;lada;exponential;330;4.7684
4d_class4_1000_02.csv;dot_product1;lada;reciprocal_average;331;4.6792
4d_class4_1000_02.csv;dot_product2;lada;average;338;7.1595
4d_class4_1000_02.csv;dot_product2;lada;exponential;339;7.1804
4d_class4_1000_02.csv;dot_product2;lada;reciprocal_average;338;7.2015
4d_class4_1000_02.csv;l2_norm_of_slacks;lada;average;330;4.8543
4d_class4_1000_02.csv;l2_norm_of_slacks;lada;exponential;331;4.9273
4d_class4_1000_02.csv;l2_norm_of_slacks;lada;reciprocal_average;330;4.8191
4d_class4_1000_03.csv;FFD_sum;elem;nincs;338;0.2313
4d_class4_1000_03.csv;FFD_prod;elem;nincs;340;0.2322
4d_class4_1000_03.csv;FFD_avg;elem;nincs;338;0.2374
4d_class4_1000_03.csv;FFD_sum;lada;nincs;338;0.2493
4d_class4_1000_03.csv;FFD_prod;lada;nincs;340;0.2559
4d_class4_1000_03.csv;FFD_avg;lada;nincs;338;0.2571
4d_class4_1000_03.csv;dot_product1;lada;average;329;4.755
4d_class4_1000_03.csv;dot_product1;lada;exponential;330;4.7444
4d_class4_1000_03.csv;dot_product1;lada;reciprocal_average;330;4.7465
4d_class4_1000_03.csv;dot_product2;lada;average;339;7.1238
4d_class4_1000_03.csv;dot_product2;lada;exponential;339;7.0277
4d_class4_1000_03.csv;dot_product2;lada;reciprocal_average;343;7.2151
4d_class4_1000_03.csv;l2_norm_of_slacks;lada;average;329;4.806
4d_class4_1000_03.csv;l2_norm_of_slacks;lada;exponential;329;4.7912
4d_class4_1000_03.csv;l2_norm_of_slacks;lada;reciprocal_average;330;4.7903
4d_class4_1000_04.csv;FFD_sum;elem;nincs;340;0.2513
4d_class4_1000_04.csv;FFD_prod;elem;nincs;341;0.2636
4d_class4_1000_04.csv;FFD_avg;elem;nincs;340;0.2529
4d_class4_1000_04.csv;FFD_sum;lada;nincs;340;0.2538
4d_class4_1000_04.csv;FFD_prod;lada;nincs;341;0.2662
4d_class4_1000_04.csv;FFD_avg;lada;nincs;340;0.2633
4d_class4_1000_04.csv;dot_product1;lada;average;333;4.8912
4d_class4_1000_04.csv;dot_product1;lada;exponential;332;4.9635
4d_class4_1000_04.csv;dot_product1;lada;reciprocal_average;333;4.8874
4d_class4_1000_04.csv;dot_product2;lada;average;342;7.3011
4d_class4_1000_04.csv;dot_product2;lada;exponential;342;7.077
4d_class4_1000_04.csv;dot_product2;lada;reciprocal_average;348;7.4137
4d_class4_1000_04.csv;l2_norm_of_slacks;lada;average;333;4.9732
4d_class4_1000_04.csv;l2_norm_of_slacks;lada;exponential;333;4.9875
4d_class4_1000_04.csv;l2_norm_of_slacks;lada;reciprocal_average;333;4.9957
4d_class4_100_01.csv;FFD_sum;elem;nincs;35;0.0025
4d_class4_100_01.csv;FFD_prod;elem;nincs;35;0.0025
4d_class4_100_01.csv;FFD_avg;elem;nincs;35;0.0023
4d_class4_100_01.csv;FFD_sum;lada;nincs;35;0.0023
4d_class4_100_01.csv;FFD_prod;lada;nincs;35;0.0026
4d_class4_100_01.csv;FFD_avg;lada;nincs;35;0.0023
4d_class4_100_01.csv;dot_product1;lada;average;34;0.0458
4d_class4_100_01.csv;dot_product1;lada;exponential;35;0.0469
4d_class4_100_01.csv;dot_product1;lada;reciprocal_average;35;0.0483
4d_class4_100_01.csv;dot_product2;lada;average;36;0.0715
4d_class4_100_01.csv;dot_product2;lada;exponential;36;0.0753
4d_class4_100_01.csv;dot_product2;lada;reciprocal_average;35;0.0769
4d_class4_100_01.csv;l2_norm_of_slacks;lada;average;34;0.0513
4d_class4_100_01.csv;l2_norm_of_slacks;lada;exponential;34;0.0515
4d_class4_100_01.csv;l2_norm_of_slacks;lada;reciprocal_average;34;0.0529
4d_class4_100_02.csv;FFD_sum;elem;nincs;36;0.0024
4d_class4_100_02.csv;FFD_prod;elem;nincs;37;0.0026
4d_class4_100_02.csv;FFD_avg;elem;nincs;36;0.0024
4d_class4_100_02.csv;FFD_sum;lada;nincs;36;0.0024
4d_class4_100_02.csv;FFD_prod;lada;nincs;37;0.0028
4d_class4_100_02.csv;FFD_avg;lada;nincs;36;0.0025
4d_class4_100_02.csv;dot_product1;lada;average;36;0.0487
4d_class4_100_02.csv;dot_product1;lada;exponential;36;0.0512
4d_class4_100_02.csv;dot_product1;lada;reciprocal_average;36;0.0502
4d_class4_100_02.csv;dot_product2;lada;average;37;0.0764
4d_class4_100_02.csv;dot_product2;lada;exponential;37;0.0762
4d_class4_100_02.csv;dot_product2;lada;reciprocal_average;37;0.0771
4d_class4_100_02.csv;l2_norm_of_slacks;lada;average;36;0.0503
4d_class4_100_02.csv;l2_norm_of_slacks;lada;exponential;36;0.0503
4d_class4_100_02.csv;l2_norm_of_slacks;lada;reciprocal_average;36;0.0515
4d_class4_100_03.csv;FFD_sum;elem;nincs;36;0.0024
4d_class4_100_03.csv;FFD_prod;elem;nincs;36;0.0027
4d_class4_100_03.csv;FFD_avg;elem;nincs;36;0.0024
4d_class4_100_03.csv;FFD_sum;lada;nincs;36;0.0024
4d_class4_100_03.csv;FFD_prod;lada;nincs;36;0.0028
4d_class4_100_03.csv;FFD_avg;lada;nincs;36;0.0026
4d_class4_100_03.csv;dot_product1;lada;average;36;0.0516
4d_class4_100_03.csv;dot_product1;lada;exponential;36;0.0545
4d_class4_100_03.csv;dot_product1;lada;reciprocal_average;35;0.0552
4d_class4_100_03.csv;dot_product2;lada;average;37;0.0842
4d_class4_100_03.csv;dot_product2;lada;exponential;36;0.086
4d_class4_100_03.csv;dot_product2;lada;reciprocal_average;36;0.0879
4d_class4_100_03.csv;l2_norm_of_slacks;lada;average;36;0.0585
4d_class4_100_03.csv;l2_norm_of_slacks;lada;exponential;36;0.0593
4d_class4_100_03.csv;l2_norm_of_slacks;lada;reciprocal_average;36;0.0525
4d_class4_100_04.csv;FFD_sum;elem;nincs;38;0.0025
4d_class4_100_04.csv;FFD_prod;elem;nincs;38;0.0026
4d_class4_100_04.csv;FFD_avg;elem;nincs;38;0.0025
4d_class4_100_04.csv;FFD_sum;lada;nincs;38;0.0024
4d_class4_100_04.csv;FFD_prod;lada;nincs;38;0.0027
4d_class4_100_04.csv;FFD_avg;lada;nincs;38;0.0025
4d_class4_100_04.csv;dot_product1;lada;average;37;0.0461
4d_class4_100_04.csv;dot_product1;lada;exponential;37;0.0469
4d_class4_100_04.csv;dot_product1;lada;reciprocal_average;37;0.0485
4d_class4_100_04.csv;dot_product2;lada;average;39;0.0756
4d_class4_100_04.csv;dot_product2;lada;exponential;38;0.0722
4d_class4_100_04.csv;dot_product2;lada;reciprocal_average;38;0.076
4d_class4_100_04.csv;l2_norm_of_slacks;lada;average;37;0.0501
4d_class4_100_04.csv;l2_norm_of_slacks;lada;exponential;37;0.0523
4d_class4_100_04.csv;l2_norm_of_slacks;lada;reciprocal_average;37;0.0512
4d_class4_500_01.csv;FFD_sum;elem;nincs;172;0.0608
4d_class4_500_01.csv;FFD_prod;elem;nincs;172;0.0596
4d_class4_500_01.csv;FFD_avg;elem;nincs;172;0.0584
4d_class4_500_01.csv;FFD_sum;lada;nincs;172;0.0565
4d_class4_500_01.csv;FFD_prod;lada;nincs;172;0.0633
4d_class4_500_01.csv;FFD_avg;lada;nincs;172;0.0601
4d_class4_500_01.csv;dot_product1;lada;average;171;1.1931
4d_class4_500_01.csv;dot_product1;lada;exponential;170;1.2007
4d_class4_500_01.csv;dot_product1;lada;reciprocal_average;171;1.2266
4d_class4_500_01.csv;dot_product2;lada;average;176;1.7616
4d_class4_500_01.csv;dot_product2;lada;exponential;176;1.7964
4d_class4_500_01.csv;dot_product2;lada;reciprocal_average;176;1.7741
4d_class4_500_01.csv;l2_norm_of_slacks;lada;average;170;1.1467
4d_class4_500_01.csv;l2_norm_of_slacks;lada;exponential;171;1.1924
4d_class4_500_01.csv;l2_norm_of_slacks;lada;reciprocal_average;170;1.2312
4d_class4_500_02.csv;FFD_sum;elem;nincs;172;0.0627
4d_class4_500_02.csv;FFD_prod;elem;nincs;173;0.0675
4d_class4_500_02.csv;FFD_avg;elem;nincs;172;0.0675
4d_class4_500_02.csv;FFD_sum;lada;nincs;172;0.0573
4d_class4_500_02.csv;FFD_prod;lada;nincs;173;0.0595
4d_class4_500_02.csv;FFD_avg;lada;nincs;172;0.0587
4d_class4_500_02.csv;dot_product1;lada;average;170;1.1672
4d_class4_500_02.csv;dot_product1;lada;exponential;169;1.1657
4d_class4_500_02.csv;dot_product1;lada;reciprocal_average;169;1.2115
4d_class4_500_02.csv;dot_product2;lada;average;174;1.8359
4d_class4_500_02.csv;dot_product2;lada;exponential;174;1.7237
4d_class4_500_02.csv;dot_product2;lada;reciprocal_average;173;1.798
4d_class4_500_02.csv;l2_norm_of_slacks;lada;average;170;1.2541
4d_class4_500_02.csv;l2_norm_of_slacks;lada;exponential;169;1.2229
4d_class4_500_02.csv;l2_norm_of_slacks;lada;reciprocal_average;170;1.2436
4d_class4_500_03.csv;FFD_sum;elem;nincs;170;0.0582
4d_class4_500_03.csv;FFD_prod;elem;nincs;171;0.0635
4d_class4_500_03.csv;FFD_avg;elem;nincs;170;0.0642
4d_class4_500_03.csv;FFD_sum;lada;nincs;170;0.0634
4d_class4_500_03.csv;FFD_prod;lada;nincs;171;0.0655
4d_class4_500_03.csv;FFD_avg;lada;nincs;170;0.0637
4d_class4_500_03.csv;dot_product1;lada;average;167;1.1941
4d_class4_500_03.csv;dot_product1;lada;exponential;167;1.1492
4d_class4_500_03.csv;dot_product1;lada;reciprocal_average;167;1.2188
4d_class4_500_03.csv;dot_product2;lada;average;171;1.7547
4d_class4_500_03.csv;dot_product2;lada;exponential;172;1.8136
4d_class4_500_03.csv;dot_product2;lada;reciprocal_average;171;1.7751
4d_class4_500_03.csv;l2_norm_of_slacks;lada;average;167;1.1971
4d_class4_500_03.csv;l2_norm_of_slacks;lada;exponential;167;1.2236
4d_class4_500_03.csv;l2_norm_of_slacks;lada;reciprocal_average;167;1.213
4d_class4_500_04.csv;FFD_sum;elem;nincs;171;0.0559
4d_class4_500_04.csv;FFD_prod;elem;nincs;171;0.0577
4d_class4_500_04.csv;FFD_avg;elem;nincs;171;0.0578
4d_class4_500_04.csv;FFD_sum;lada;nincs;171;0.058
4d_class4_500_04.csv;FFD_prod;lada;nincs;171;0.0589
4d_class4_500_04.csv;FFD_avg;lada;nincs;171;0.0563
4d_class4_500_04.csv;dot_product1;lada;average;168;1.194
4d_class4_500_04.csv;dot_product1;lada;exponential;168;1.2209
4d_class4_500_04.csv;dot_product1;lada;reciprocal_average;167;1.171
4d_class4_500_04.csv;dot_product2;lada;average;173;1.7698
4d_class4_500_04.csv;dot_product2;lada;exponential;172;1.8075
4d_class4_500_04.csv;dot_product2;lada;reciprocal_average;172;1.7992
4d_class4_500_04.csv;l2_norm_of_slacks;lada;average;168;1.1752
4d_class4_500_04.csv;l2_norm_of_slacks;lada;exponential;168;1.1844
4d_class4_500_04.csv;l2_norm_of_slacks;lada;reciprocal_average;168;1.2166
4d_class5_1000_01.csv;FFD_sum;elem;nincs;366;0.212
4d_class5_1000_01.csv;FFD_prod;elem;nincs;367;0.2353
4d_class5_1000_01.csv;FFD_avg;elem;nincs;366;0.2451
4d_class5_1000_01.csv;FFD_sum;lada;nincs;366;0.2464
4d_class5_1000_01.csv;FFD_prod;lada;nincs;367;0.2138
4d_class5_1000_01.csv;FFD_avg;lada;nincs;366;0.2175
4d_class5_1000_01.csv;dot_product1;lada;average;361;3.7936
4d_class5_1000_01.csv;dot_product1;lada;exponential;363;3.9127
4d_class5_1000_01.csv;dot_product1;lada;reciprocal_average;361;3.8752
4d_class5_1000_01.csv;dot_product2;lada;average;370;5.2078
4d_class5_1000_01.csv;dot_product2;lada;exponential;372;5.2721
4d_class5_1000_01.csv;dot_product2;lada;reciprocal_average;370;5.5303
4d_class5_1000_01.csv;l2_norm_of_slacks;lada;average;354;3.6357
4d_class5_1000_01.csv;l2_norm_of_slacks;lada;exponential;355;3.6686
4d_class5_1000_01.csv;l2_norm_of_slacks;lada;reciprocal_average;356;3.7228
4d_class5_1000_02.csv;FFD_sum;elem;nincs;388;0.2317
4d_class5_1000_02.csv;FFD_prod;elem;nincs;388;0.227
4d_class5_1000_02.csv;FFD_avg;elem;nincs;388;0.2317
4d_class5_1000_02.csv;FFD_sum;lada;nincs;388;0.2314
4d_class5_1000_02.csv;FFD_prod;lada;nincs;388;0.2215
4d_class5_1000_02.csv;FFD_avg;lada;nincs;388;0.2373
4d_class5_1000_02.csv;dot_product1;lada;average;386;3.8883
4d_class5_1000_02.csv;dot_product1;lada;exponential;390;3.923
4d_class5_1000_02.csv;dot_product1;lada;reciprocal_average;388;3.9818
4d_class5_1000_02.csv;dot_product2;lada;average;397;5.4407
4d_class5_1000_02.csv;dot_product2;lada;exponential;397;5.4958
4d_class5_1000_02.csv;dot_product2;lada;reciprocal_average;394;5.594
4d_class5_1000_02.csv;l2_norm_of_slacks;lada;average;382;3.82
4d_class5_1000_02.csv;l2_norm_of_slacks;lada;exponential;386;3.8151
4d_class5_1000_02.csv;l2_norm_of_slacks;lada;reciprocal_average;382;3.7393
4d_class5_1000_03.csv;FFD_sum;elem;nincs;375;0.2439
4d_class5_1000_03.csv;FFD_prod;elem;nincs;369;0.2132
4d_class5_1000_03.csv;FFD_avg;elem;nincs;375;0.2267
4d_class5_1000_03.csv;FFD_sum;lada;nincs;375;0.2279
4d_class5_1000_03.csv;FFD_prod;lada;nincs;369;0.2312
4d_class5_1000_03.csv;FFD_avg;lada;nincs;375;0.2475
4d_class5_1000_03.csv;dot_product1;lada;average;372;3.91
4d_class5_1000_03.csv;dot_product1;lada;exponential;376;3.9999
4d_class5_1000_03.csv;dot_product1;lada;reciprocal_average;376;3.9893
4d_class5_1000_03.csv;dot_product2;lada;average;377;5.2567
4d_class5_1000_03.csv;dot_product2;lada;exponential;377;5.328
4d_class5_1000_03.csv;dot_product2;lada;reciprocal_average;379;5.3506
4d_class5_1000_03.csv;l2_norm_of_slacks;lada;average;364;3.6739
4d_class5_1000_03.csv;l2_norm_of_slacks;lada;exponential;364;3.688
4d_class5_1000_03.csv;l2_norm_of_slacks;lada;reciprocal_average;368;3.6732
4d_class5_1000_04.csv;FFD_sum;elem;nincs;376;0.2365
4d_class5_1000_04.csv;FFD_prod;elem;nincs;377;0.2368
4d_class5_1000_04.csv;FFD_avg;elem;nincs;376;0.2343
4d_class5_1000_04.csv;FFD_sum;lada;nincs;376;0.2293
4d_class5_1000_04.csv;FFD_prod;lada;nincs;377;0.2208
4d_class5_1000_04.csv;FFD_avg;lada;nincs;376;0.2303
4d_class5_1000_04.csv;dot_product1;lada;average;376;3.8746
4d_class5_1000_04.csv;dot_product1;lada;exponential;375;3.9162
4d_class5_1000_04.csv;dot_product1;lada;reciprocal_average;379;3.8492
4d_class5_1000_04.csv;dot_product2;lada;average;381;5.2289
4d_class5_1000_04.csv;dot_product2;lada;exponential;382;5.2736
4d_class5_1000_04.csv;dot_product2;lada;reciprocal_average;378;5.3697
4d_class5_1000_04.csv;l2_norm_of_slacks;lada;average;369;3.7082
4d_class5_1000_04.csv;l2_norm_of_slacks;lada;exponential;369;3.7239
4d_class5_1000_04.csv;l2_norm_of_slacks;lada;reciprocal_average;371;3.7483
4d_class5_100_01.csv;FFD_sum;elem;nincs;42;0.0025
4d_class5_100_01.csv;FFD_prod;elem;nincs;43;0.0026
4d_class5_100_01.csv;FFD_avg;elem;nincs;42;0.0024
4d_class5_100_01.csv;FFD_sum;lada;nincs;42;0.0025
4d_class5_100_01.csv;FFD_prod;lada;nincs;43;0.0025
4d_class5_100_01.csv;FFD_avg;lada;nincs;42;0.0024
4d_class5_100_01.csv;dot_product1;lada;average;42;0.0418
4d_class5_100_01.csv;dot_product1;lada;exponential;43;0.0424
4d_class5_100_01.csv;dot_product1;lada;reciprocal_average;42;0.0435
4d_class5_100_01.csv;dot_product2;lada;average;45;0.0591
4d_class5_100_01.csv;dot_product2;lada;exponential;44;0.0564
4d_class5_100_01.csv;dot_product2;lada;reciprocal_average;44;0.0594
4d_class5_100_01.csv;l2_norm_of_slacks;lada;average;43;0.0394
4d_class5_100_01.csv;l2_norm_of_slacks;lada;exponential;44;0.0413
4d_class5_100_01.csv;l2_norm_of_slacks;lada;reciprocal_average;43;0.0422
4d_class5_100_02.csv;FFD_sum;elem;nincs;39;0.0024
4d_class5_100_02.csv;FFD_prod;elem;nincs;40;0.003
4d_class5_100_02.csv;FFD_avg;elem;nincs;39;0.0022
4d_class5_100_02.csv;FFD_sum;lada;nincs;39;0.0023
4d_class5_100_02.csv;FFD_prod;lada;nincs;40;0.0025
4d_class5_100_02.csv;FFD_avg;lada;nincs;39;0.0024
4d_class5_100_02.csv;dot_product1;lada;average;40;0.0397
4d_class5_100_02.csv;dot_product1;lada;exponential;40;0.0433
4d_class5_100_02.csv;dot_product1;lada;reciprocal_average;39;0.0441
4d_class5_100_02.csv;dot_product2;lada;average;42;0.063
4d_class5_100_02.csv;dot_product2;lada;exponential;41;0.0632
4d_class5_100_02.csv;dot_product2;lada;reciprocal_average;42;0.0654
4d_class5_100_02.csv;l2_norm_of_slacks;lada;average;40;0.0429
4d_class5_100_02.csv;l2_norm_of_slacks;lada;exponential;41;0.0454
4d_class5_100_02.csv;l2_norm_of_slacks;lada;reciprocal_average;41;0.0457
4d_class5_100_03.csv;FFD_sum;elem;nincs;43;0.0032
4d_class5_100_03.csv;FFD_prod;elem;nincs;44;0.0028
4d_class5_100_03.csv;FFD_avg;elem;nincs;43;0.0025
4d_class5_100_03.csv;FFD_sum;lada;nincs;43;0.0025
4d_class5_100_03.csv;FFD_prod;lada;nincs;44;0.0027
4d_class5_100_03.csv;FFD_avg;lada;nincs;43;0.0025
4d_class5_100_03.csv;dot_product1;lada;average;43;0.042
4d_class5_100_03.csv;dot_product1;lada;exponential;44;0.0425
4d_class5_100_03.csv;dot_product1;lada;reciprocal_average;43;0.0438
4d_class5_100_03.csv;dot_product2;lada;average;46;0.0585
4d_class5_100_03.csv;dot_product2;lada;exponential;45;0.0592
4d_class5_100_03.csv;dot_product2;lada;reciprocal_average;46;0.0615
4d_class5_100_03.csv;l2_norm_of_slacks;lada;average;44;0.0423
4d_class5_100_03.csv;l2_norm_of_slacks;lada;exponential;44;0.0433
4d_class5_100_03.csv;l2_norm_of_slacks;lada;reciprocal_average;44;0.0453
4d_class5_100_04.csv;FFD_sum;elem;nincs;40;0.0023
4d_class5_100_04.csv;FFD_prod;elem;nincs;41;0.0025
4d_class5_100_04.csv;FFD_avg;elem;nincs;40;0.0024
4d_class5_100_04.csv;FFD_sum;lada;nincs;40;0.0023
4d_class5_100_04.csv;FFD_prod;lada;nincs;41;0.0025
4d_class5_100_04.csv;FFD_avg;lada;nincs;40;0.0023
4d_class5_100_04.csv;dot_product1;lada;average;40;0.0357
4d_class5_100_04.csv;dot_product1;lada;exponential;41;0.0367
4d_class5_100_04.csv;dot_product1;lada;reciprocal_average;40;0.0391
4d_class5_100_04.csv;dot_product2;lada;average;42;0.0523
4d_class5_100_04.csv;dot_product2;lada;exponential;42;0.0532
4d_class5_100_04.csv;dot_product2;lada;reciprocal_average;42;0.0608
4d_class5_100_04.csv;l2_norm_of_slacks;lada;average;40;0.0356
4d_class5_100_04.csv;l2_norm_of_slacks;lada;exponential;40;0.0399
4d_class5_100_04.csv;l2_norm_of_slacks;lada;reciprocal_average;39;0.0406
4d_class5_500_01.csv;FFD_sum;elem;nincs;186;0.0592
4d_class5_500_01.csv;FFD_prod;elem;nincs;188;0.0605
4d_class5_500_01.csv;FFD_avg;elem;nincs;186;0.0642
4d_class5_500_01.csv;FFD_sum;lada;nincs;186;0.0641
4d_class5_500_01.csv;FFD_prod;lada;nincs;188;0.061
4d_class5_500_01.csv;FFD_avg;lada;nincs;186;0.0641
4d_class5_500_01.csv;dot_product1;lada;average;187;0.9972
4d_class5_500_01.csv;dot_product1;lada;exponential;189;1.0038
4d_class5_500_01.csv;dot_product1;lada;reciprocal_average;189;0.9899
4d_class5_500_01.csv;dot_product2;lada;average;191;1.4084
4d_class5_500_01.csv;dot_product2;lada;exponential;190;1.4206
4d_class5_500_01.csv;dot_product2;lada;reciprocal_average;190;1.3286
4d_class5_500_01.csv;l2_norm_of_slacks;lada;average;184;0.9556
4d_class5_500_01.csv;l2_norm_of_slacks;lada;exponential;185;0.9216
4d_class5_500_01.csv;l2_norm_of_slacks;lada;reciprocal_average;186;1.0052
4d_class5_500_02.csv;FFD_sum;elem;nincs;188;0.0532
4d_class5_500_02.csv;FFD_prod;elem;nincs;186;0.0533
4d_class5_500_02.csv;FFD_avg;elem;nincs;188;0.0545
4d_class5_500_02.csv;FFD_sum;lada;nincs;188;0.0541
4d_class5_500_02.csv;FFD_prod;lada;nincs;186;0.0546
4d_class5_500_02.csv;FFD_avg;lada;nincs;188;0.0564
4d_class5_500_02.csv;dot_product1;lada;average;184;0.9751
4d_class5_500_02.csv;dot_product1;lada;exponential;185;0.9359
4d_class5_500_02.csv;dot_product1;lada;reciprocal_average;187;0.9882
4d_class5_500_02.csv;dot_product2;lada;average;191;1.3737
4d_class5_500_02.csv;dot_product2;lada;exponential;191;1.3557
4d_class5_500_02.csv;dot_product2;lada;reciprocal_average;191;1.4505
4d_class5_500_02.csv;l2_norm_of_slacks;lada;average;184;0.9361
4d_class5_500_02.csv;l2_norm_of_slacks;lada;exponential;182;0.998
4d_class5_500_02.csv;l2_norm_of_slacks;lada;reciprocal_average;184;0.9715
4d_class5_500_03.csv;FFD_sum;elem;nincs;193;0.0572
4d_class5_500_03.csv;FFD_prod;elem;nincs;193;0.055
4d_class5_500_03.csv;FFD_avg;elem;nincs;193;0.0568
4d_class5_500_03.csv;FFD_sum;lada;nincs;193;0.0562
4d_class5_500_03.csv;FFD_prod;lada;nincs;193;0.0552
4d_class5_500_03.csv;FFD_avg;lada;nincs;193;0.0568
4d_class5_500_03.csv;dot_product1;lada;average;194;0.9372
4d_class5_500_03.csv;dot_product1;lada;exponential;193;0.9926
4d_class5_500_03.csv;dot_product1;lada;reciprocal_average;195;0.9675
4d_class5_500_03.csv;dot_product2;lada;average;194;1.3565
4d_class5_500_03.csv;dot_product2;lada;exponential;195;1.4184
4d_class5_500_03.csv;dot_product2;lada;reciprocal_average;197;1.3714
4d_class5_500_03.csv;l2_norm_of_slacks;lada;average;190;0.9322
4d_class5_500_03.csv;l2_norm_of_slacks;lada;exponential;190;0.9538
4d_class5_500_03.csv;l2_norm_of_slacks;lada;reciprocal_average;192;0.9671
4d_class5_500_04.csv;FFD_sum;elem;nincs;189;0.0546
4d_class5_500_04.csv;FFD_prod;elem;nincs;190;0.0545
4d_class5_500_04.csv;FFD_avg;elem;nincs;189;0.0553
4d_class5_500_04.csv;FFD_sum;lada;nincs;189;0.057
4d_class5_500_04.csv;FFD_prod;lada;nincs;190;0.0562
4d_class5_500_04.csv;FFD_avg;lada;nincs;189;0.0571
4d_class5_500_04.csv;dot_product1;lada;average;189;0.9697
4d_class5_500_04.csv;dot_product1;lada;exponential;189;0.9811
4d_class5_500_04.csv;dot_product1;lada;reciprocal_average;190;0.9955
4d_class5_500_04.csv;dot_product2;lada;average;188;1.3966
4d_class5_500_04.csv;dot_product2;lada;exponential;189;1.4032
4d_class5_500_04.csv;dot_product2;lada;reciprocal_average;190;1.4364
4d_class5_500_04.csv;l2_norm_of_slacks;lada;average;185;1.0221
4d_class5_500_04.csv;l2_norm_of_slacks;lada;exponential;184;0.9433
4d_class5_500_04.csv;l2_norm_of_slacks;lada;reciprocal_average;187;0.9655
4d_class6_1000_01.csv;FFD_sum;elem;nincs;334;0.1759
4d_class6_1000_01.csv;FFD_prod;elem;nincs;334;0.1908
4d_class6_1000_01.csv;FFD_avg;elem;nincs;334;0.1826
4d_class6_1000_01.csv;FFD_sum;lada;nincs;334;0.1819
4d_class6_1000_01.csv;FFD_prod;lada;nincs;334;0.185
4d_class6_1000_01.csv;FFD_avg;lada;nincs;334;0.1824
4d_class6_1000_01.csv;dot_product1;lada;average;334;6.3851
4d_class6_1000_01.csv;dot_product1;lada;exponential;334;6.493
4d_class6_1000_01.csv;dot_product1;lada;reciprocal_average;334;6.4397
4d_class6_1000_01.csv;dot_product2;lada;average;334;10.2511
4d_class6_1000_01.csv;dot_product2;lada;exponential;334;10.1366
4d_class6_1000_01.csv;dot_product2;lada;reciprocal_average;334;10.1527
4d_class6_1000_01.csv;l2_norm_of_slacks;lada;average;334;6.5204
4d_class6_1000_01.csv;l2_norm_of_slacks;lada;exponential;334;6.3313
4d_class6_1000_01.csv;l2_norm_of_slacks;lada;reciprocal_average;334;6.5497
4d_class6_1000_02.csv;FFD_sum;elem;nincs;334;0.1876
4d_class6_1000_02.csv;FFD_prod;elem;nincs;334;0.1995
4d_class6_1000_02.csv;FFD_avg;elem;nincs;334;0.1863
4d_class6_1000_02.csv;FFD_sum;lada;nincs;334;0.1808
4d_class6_1000_02.csv;FFD_prod;lada;nincs;334;0.1843
4d_class6_1000_02.csv;FFD_avg;lada;nincs;334;0.1969
4d_class6_1000_02.csv;dot_product1;lada;average;334;6.5207
4d_class6_1000_02.csv;dot_product1;lada;exponential;334;6.5416
4d_class6_1000_02.csv;dot_product1;lada;reciprocal_average;334;6.415
4d_class6_1000_02.csv;dot_product2;lada;average;334;9.9985
4d_class6_1000_02.csv;dot_product2;lada;exponential;334;10.1188
4d_class6_1000_02.csv;dot_product2;lada;reciprocal_average;334;10.1563
4d_class6_1000_02.csv;l2_norm_of_slacks;lada;average;334;6.509
4d_class6_1000_02.csv;l2_norm_of_slacks;lada;exponential;334;6.7075
4d_class6_1000_02.csv;l2_norm_of_slacks;lada;reciprocal_average;334;6.799
4d_class6_1000_03.csv;FFD_sum;elem;nincs;334;0.176
4d_class6_1000_03.csv;FFD_prod;elem;nincs;334;0.1882
4d_class6_1000_03.csv;FFD_avg;elem;nincs;334;0.1864
4d_class6_1000_03.csv;FFD_sum;lada;nincs;334;0.1883
4d_class6_1000_03.csv;FFD_prod;lada;nincs;334;0.1998
4d_class6_1000_03.csv;FFD_avg;lada;nincs;334;0.1974
4d_class6_1000_03.csv;dot_product1;lada;average;334;6.4631
4d_class6_1000_03.csv;dot_product1;lada;exponential;334;6.5538
4d_class6_1000_03.csv;dot_product1;lada;reciprocal_average;334;6.1987
4d_class6_1000_03.csv;dot_product2;lada;average;334;10.1419
4d_class6_1000_03.csv;dot_product2;lada;exponential;334;10.0285
4d_class6_1000_03.csv;dot_product2;lada;reciprocal_average;334;10.0568
4d_class6_1000_03.csv;l2_norm_of_slacks;lada;average;334;6.7042
4d_class6_1000_03.csv;l2_norm_of_slacks;lada;exponential;334;6.5666
4d_class6_1000_03.csv;l2_norm_of_slacks;lada;reciprocal_average;334;6.6296
4d_class6_1000_04.csv;FFD_sum;elem;nincs;334;0.1888
4d_class6_1000_04.csv;FFD_prod;elem;nincs;334;0.1822
4d_class6_1000_04.csv;FFD_avg;elem;nincs;334;0.1762
4d_class6_1000_04.csv;FFD_sum;lada;nincs;334;0.1761
4d_class6_1000_04.csv;FFD_prod;lada;nincs;334;0.1779
4d_class6_1000_04.csv;FFD_avg;lada;nincs;334;0.1757
4d_class6_1000_04.csv;dot_product1;lada;average;334;6.42
4d_class6_1000_04.csv;dot_product1;lada;exponential;334;6.4576
4d_class6_1000_04.csv;dot_product1;lada;reciprocal_average;334;6.4631
4d_class6_1000_04.csv;dot_product2;lada;average;334;9.8785
4d_class6_1000_04.csv;dot_product2;lada;exponential;334;10.0847
4d_class6_1000_04.csv;dot_product2;lada;reciprocal_average;334;10.0242
4d_class6_1000_04.csv;l2_norm_of_slacks;lada;average;334;6.5963
4d_class6_1000_04.csv;l2_norm_of_slacks;lada;exponential;334;6.5545
4d_class6_1000_04.csv;l2_norm_of_slacks;lada;reciprocal_average;334;6.616
4d_class6_100_01.csv;FFD_sum;elem;nincs;34;0.0023
4d_class6_100_01.csv;FFD_prod;elem;nincs;34;0.0024
4d_class6_100_01.csv;FFD_avg;elem;nincs;34;0.0021
4d_class6_100_01.csv;FFD_sum;lada;nincs;34;0.0021
4d_class6_100_01.csv;FFD_prod;lada;nincs;34;0.0024
4d_class6_100_01.csv;FFD_avg;lada;nincs;34;0.0019
4d_class6_100_01.csv;dot_product1;lada;average;34;0.0623
4d_class6_100_01.csv;dot_product1;lada;exponential;34;0.0664
4d_class6_100_01.csv;dot_product1;lada;reciprocal_average;34;0.0695
4d_class6_100_01.csv;dot_product2;lada;average;34;0.1
4d_class6_100_01.csv;dot_product2;lada;exponential;34;0.1071
4d_class6_100_01.csv;dot_product2;lada;reciprocal_average;34;0.1099
4d_class6_100_01.csv;l2_norm_of_slacks;lada;average;34;0.0711
4d_class6_100_01.csv;l2_norm_of_slacks;lada;exponential;34;0.0715
4d_class6_100_01.csv;l2_norm_of_slacks;lada;reciprocal_average;34;0.0724
4d_class6_100_02.csv;FFD_sum;elem;nincs;34;0.002
4d_class6_100_02.csv;FFD_prod;elem;nincs;34;0.0022
4d_class6_100_02.csv;FFD_avg;elem;nincs;34;0.0018
4d_class6_100_02.csv;FFD_sum;lada;nincs;34;0.0018
4d_class6_100_02.csv;FFD_prod;lada;nincs;34;0.002
4d_class6_100_02.csv;FFD_avg;lada;nincs;34;0.0018
4d_class6_100_02.csv;dot_product1;lada;average;34;0.0585
4d_class6_100_02.csv;dot_product1;lada;exponential;34;0.0599
4d_class6_100_02.csv;dot_product1;lada;reciprocal_average;34;0.0613
4d_class6_100_02.csv;dot_product2;lada;average;34;0.0952
4d_class6_100_02.csv;dot_product2;lada;exponential;34;0.0946
4d_class6_100_02.csv;dot_product2;lada;reciprocal_average;34;0.0967
4d_class6_100_02.csv;l2_norm_of_slacks;lada;average;34;0.0621
4d_class6_100_02.csv;l2_norm_of_slacks;lada;exponential;34;0.0621
4d_class6_100_02.csv;l2_norm_of_slacks;lada;reciprocal_average;34;0.0634
4d_class6_100_03.csv;FFD_sum;elem;nincs;34;0.0019
4d_class6_100_03.csv;FFD_prod;elem;nincs;34;0.0021
4d_class6_100_03.csv;FFD_avg;elem;nincs;34;0.0018
4d_class6_100_03.csv;FFD_sum;lada;nincs;34;0.0018
4d_class6_100_03.csv;FFD_prod;lada;nincs;34;0.0022
4d_class6_100_03.csv;FFD_avg;lada;nincs;34;0.0019
4d_class6_100_03.csv;dot_product1;lada;average;34;0.0625
4d_class6_100_03.csv;dot_product1;lada;exponential;34;0.0656
4d_class6_100_03.csv;dot_product1;lada;reciprocal_average;34;0.068
4d_class6_100_03.csv;dot_product2;lada;average;34;0.1051
4d_class6_100_03.csv;dot_product2;lada;exponential;34;0.1029
4d_class6_100_03.csv;dot_product2;lada;reciprocal_average;34;0.107
4d_class6_100_03.csv;l2_norm_of_slacks;lada;average;34;0.0694
4d_class6_100_03.csv;l2_norm_of_slacks;lada;exponential;34;0.0706
4d_class6_100_03.csv;l2_norm_of_slacks;lada;reciprocal_average;34;0.0727
4d_class6_100_04.csv;FFD_sum;elem;nincs;34;0.002
4d_class6_100_04.csv;FFD_prod;elem;nincs;34;0.0021
4d_class6_100_04.csv;FFD_avg;elem;nincs;34;0.0018
4d_class6_100_04.csv;FFD_sum;lada;nincs;34;0.0018
4d_class6_100_04.csv;FFD_prod;lada;nincs;34;0.0021
4d_class6_100_04.csv;FFD_avg;lada;nincs;34;0.0018
4d_class6_100_04.csv;dot_product1;lada;average;34;0.0608
4d_class6_100_04.csv;dot_product1;lada;exponential;34;0.0681
4d_class6_100_04.csv;dot_product1;lada;reciprocal_average;34;0.0705
4d_class6_100_04.csv;dot_product2;lada;average;34;0.1072
4d_class6_100_04.csv;dot_product2;lada;exponential;34;0.1074
4d_class6_100_04.csv;dot_product2;lada;reciprocal_average;34;0.1092
4d_class6_100_04.csv;l2_norm_of_slacks;lada;average;34;0.0676
4d_class6_100_04.csv;l2_norm_of_slacks;lada;exponential;34;0.0694
4d_class6_100_04.csv;l2_norm_of_slacks;lada;reciprocal_average;34;0.07
4d_class6_500_01.csv;FFD_sum;elem;nincs;167;0.0435
4d_class6_500_01.csv;FFD_prod;elem;nincs;167;0.0467
4d_class6_500_01.csv;FFD_avg;elem;nincs;167;0.0443
4d_class6_500_01.csv;FFD_sum;lada;nincs;167;0.0447
4d_class6_500_01.csv;FFD_prod;lada;nincs;167;0.0459
4d_class6_500_01.csv;FFD_avg;lada;nincs;167;0.0448
4d_class6_500_01.csv;dot_product1;lada;average;167;1.581
4d_class6_500_01.csv;dot_product1;lada;exponential;167;1.5752
4d_class6_500_01.csv;dot_product1;lada;reciprocal_average;167;1.5737
4d_class6_500_01.csv;dot_product2;lada;average;167;2.4711
4d_class6_500_01.csv;dot_product2;lada;exponential;167;2.5845
4d_class6_500_01.csv;dot_product2;lada;reciprocal_average;167;2.5248
4d_class6_500_01.csv;l2_norm_of_slacks;lada;average;167;1.5991
4d_class6_500_01.csv;l2_norm_of_slacks;lada;exponential;167;1.6045
4d_class6_500_01.csv;l2_norm_of_slacks;lada;reciprocal_average;167;1.6243
4d_class6_500_02.csv;FFD_sum;elem;nincs;167;0.044
4d_class6_500_02.csv;FFD_prod;elem;nincs;167;0.0464
4d_class6_500_02.csv;FFD_avg;elem;nincs;167;0.0451
4d_class6_500_02.csv;FFD_sum;lada;nincs;167;0.0451
4d_class6_500_02.csv;FFD_prod;lada;nincs;167;0.046
4d_class6_500_02.csv;FFD_avg;lada;nincs;167;0.0441
4d_class6_500_02.csv;dot_product1;lada;average;167;1.6018
4d_class6_500_02.csv;dot_product1;lada;exponential;167;1.5889
4d_class6_500_02.csv;dot_product1;lada;reciprocal_average;167;1.6505
4d_class6_500_02.csv;dot_product2;lada;average;167;2.4684
4d_class6_500_02.csv;dot_product2;lada;exponential;167;2.6072
4d_class6_500_02.csv;dot_product2;lada;reciprocal_average;167;2.459
4d_class6_500_02.csv;l2_norm_of_slacks;lada;average;167;1.6029
4d_class6_500_02.csv;l2_norm_of_slacks;lada;exponential;167;1.7359
4d_class6_500_02.csv;l2_norm_of_slacks;lada;reciprocal_average;167;1.6871
4d_class6_500_03.csv;FFD_sum;elem;nincs;167;0.0452
4d_class6_500_03.csv;FFD_prod;elem;nincs;167;0.0484
4d_class6_500_03.csv;FFD_avg;elem;nincs;167;0.0473
4d_class6_500_03.csv;FFD_sum;lada;nincs;167;0.0479
4d_class6_500_03.csv;FFD_prod;lada;nincs;167;0.0512
4d_class6_500_03.csv;FFD_avg;lada;nincs;167;0.0502
4d_class6_500_03.csv;dot_product1;lada;average;167;1.5545
4d_class6_500_03.csv;dot_product1;lada;exponential;167;1.5973
4d_class6_500_03.csv;dot_product1;lada;reciprocal_average;167;1.5406
4d_class6_500_03.csv;dot_product2;lada;average;167;2.4355
4d_class6_500_03.csv;dot_product2;lada;exponential;167;2.494
4d_class6_500_03.csv;dot_product2;lada;reciprocal_average;167;2.5026
4d_class6_500_03.csv;l2_norm_of_slacks;lada;average;167;1.7581
4d_class6_500_03.csv;l2_norm_of_slacks;lada;exponential;167;1.7466
4d_class6_500_03.csv;l2_norm_of_slacks;lada;reciprocal_average;167;1.6796
4d_class6_500_04.csv;FFD_sum;elem;nincs;167;0.0444
4d_class6_500_04.csv;FFD_prod;elem;nincs;167;0.0455
4d_class6_500_04.csv;FFD_avg;elem;nincs;167;0.0448
4d_class6_500_04.csv;FFD_sum;lada;nincs;167;0.0451
4d_class6_500_04.csv;FFD_prod;lada;nincs;167;0.0467
4d_class6_500_04.csv;FFD_avg;lada;nincs;167;0.0451
4d_class6_500_04.csv;dot_product1;lada;average;167;1.5254
4d_class6_500_04.csv;dot_product1;lada;exponential;167;1.5897
4d_class6_500_04.csv;dot_product1;lada;reciprocal_average;167;1.6137
4d_class6_500_04.csv;dot_product2;lada;average;167;2.4778
4d_class6_500_04.csv;dot_product2;lada;exponential;167;2.5619
4d_class6_500_04.csv;dot_product2;lada;reciprocal_average;167;2.4589
4d_class6_500_04.csv;l2_norm_of_slacks;lada;average;167;1.5914
4d_class6_500_04.csv;l2_norm_of_slacks;lada;exponential;167;1.6542
4d_class6_500_04.csv;l2_norm_of_slacks;lada;reciprocal_average;167;1.6171
